Geographic_region7,hdi
Central,0.6110338615269252
East,0.644803911870512
North,0.6585199222640213
Northeast,0.6434971142640827
Northwest,0.5912380614540853
South,0.615296269330797
Southwest,0.5585896289770048
