Geographic_region7,bio1,bio12
Central,15.689584443975402,1334.9934702365545
East,16.40154028220702,1458.6538372081873
North,9.322116088990219,521.8999015838676
Northeast,5.1112872790839745,650.7907461223841
Northwest,5.492184612757232,442.8713297574181
South,21.8597458172412,1990.7230085573826
Southwest,10.153859538517855,1215.7143194389203
